DATE,Real Potential GDP,Potential GDP,Real GDP,Consumption,Investment,Federal Spending,Federal Debt,Nominal GDP,GDP Deflator,10 Year U.S. Treasury Rate,Federal Debt / GDP,Inflation,Real 10 Year U.S. Treasury Rate
1975-03-31,5825.750697939189,1695.876164587338,5957.035,985.19,244.306,354.024,509.659,1616.116,27.13,7.5441666666666665,0.315360407297496,,
1975-06-30,5871.953474831613,1734.785553720775,5999.61,1013.582,243.281,377.665,533.188,1651.853,27.533,8.051875,0.3227817487391432,,
1975-09-30,5918.017823888968,1779.2243630823016,6102.326,1047.192,265.192,379.106,553.647,1709.82,28.019,8.2915625,0.32380426009755414,,
1975-12-31,5964.052745212353,1823.042165018153,6184.53,1076.223,276.236,388.241,576.649,1761.831,28.488,8.06327868852459,0.32730097268126174,,
1976-03-31,6009.552465013313,1856.41156271643,6323.649,1109.908,304.638,393.991,600.49,1820.487,28.789,7.754032258064516,0.32985129803179036,6.115001842978263,1.6390304150862534
1976-06-30,6055.253356348844,1889.353287621488,6370.025,1129.54,322.303,395.709,620.432,1852.332,29.079,7.773015873015873,0.3349464350883103,5.615080085715318,2.1579357873005547
1976-09-30,6101.883261543399,1928.5676167642987,6404.895,1158.806,328.307,407.495,634.701,1886.558,29.455,7.7321875,0.33643333520623275,5.125093686427062,2.607093813572938
1976-12-31,6149.124217671401,1978.2867031870448,6451.177,1192.408,337.65,416.741,653.543,1934.273,29.983,7.178196721311475,0.337875263729577,5.247823645043526,1.9303730762679496
1977-03-31,6198.163575627065,2026.1150156971405,6527.703,1228.212,360.313,420.834,669.207,1988.648,30.465,7.356984126984127,0.3365135509149935,5.821667998193747,1.53531612879038
1977-06-30,6248.784101671982,2071.5086564373364,6654.466,1255.98,389.703,428.835,674.425,2055.909,30.895,7.366031746031746,0.328042243114846,6.245056570033358,1.120975175998388
1977-09-30,6300.478848241783,2114.097256715696,6774.457,1286.905,414.134,442.98,698.84,2118.473,31.271,7.358888888888889,0.3298791157593229,6.165336954676626,1.1935519342122634
1977-12-31,6353.6909666491965,2178.0086730631574,6774.592,1324.804,422.299,456.618,718.943,2164.27,31.947,7.597166666666666,0.33218729640941286,6.5503785478437715,1.046788118822895
1978-03-31,6408.206794781169,2228.677559686753,6796.26,1354.053,434.799,468.33,737.951,2202.76,32.411,8.007704918032786,0.33501198496431744,6.3876579681601875,1.6200469498725987
1978-06-30,6463.574433519718,2290.832418629279,7058.92,1411.385,470.584,478.557,749.024,2331.633,33.031,8.325555555555555,0.32124438108398706,6.9137400873927835,1.4118154681627715
1978-09-30,6520.347387896983,2350.241396091991,7129.915,1442.217,492.368,492.031,771.544,2395.053,33.592,8.485396825396826,0.3221406791415472,7.422212273352291,1.063184552044535
1978-12-31,6578.319103619513,2419.601518800608,7225.75,1481.354,515.755,504.542,789.207,2476.949,34.279,8.815081967213116,0.31862060946753445,7.299589945847829,1.5154920213652874
1979-03-31,6638.290149418122,2486.1853920013973,7238.727,1517.141,525.809,511.805,796.792,2526.61,34.904,9.105483870967742,0.31536010702086986,7.691833019653838,1.4136508513139043
1979-06-30,6696.68272316832,2569.438249218727,7246.454,1557.635,539.293,522.934,804.913,2591.247,35.759,9.115,0.31062766305180484,8.258908298265277,0.8560917017347229
1979-09-30,6752.285489075694,2647.480270835781,7300.281,1611.867,545.621,543.29,826.519,2667.565,36.541,9.095079365079366,0.309840247566601,8.778875922838768,0.3162034422405977
1979-12-31,6804.1067380585655,2717.313190012276,7318.535,1655.035,547.875,559.516,845.116,2723.883,37.219,10.437868852459017,0.3102614906734247,8.576679599754943,1.861189252704074
1980-03-31,6851.121673711023,2793.5193284593706,7341.557,1702.302,554.562,583.861,863.451,2789.842,38.001,11.955806451612903,0.3094981722979294,8.872908549163405,3.0828979024494974
1980-06-30,6892.435876906633,2877.316836600301,7190.289,1704.723,519.294,608.694,877.614,2797.352,38.905,10.477619047619049,0.31373027062736475,8.797785172963458,1.679833874655591
1980-09-30,6928.227680834112,2956.8484514354545,7181.743,1763.771,495.071,639.968,907.701,2856.483,39.774,10.94171875,0.3177687386902005,8.847595851235601,2.0941228987643985
1980-12-31,6965.6999404904345,3050.3224955379574,7315.677,1831.874,551.472,657.298,930.21,2985.557,40.81,12.405573770491804,0.3115700018455518,9.648297912356597,2.7572758581352073
1981-03-31,7007.250767362968,3149.255965963516,7459.022,1885.734,619.381,680.243,964.531,3124.206,41.885,12.950655737704919,0.30872836170214124,10.220783663587806,2.7298720741171127
1981-06-30,7052.190668211957,3232.2540562638133,7403.745,1917.524,609.843,695.699,971.174,3162.532,42.715,13.74047619047619,0.3070874855969837,9.793085721629623,3.9473904688465673
1981-09-30,7099.88279285603,3315.36645868106,7492.405,1958.099,652.297,722.114,997.855,3260.609,43.519,14.8384375,0.3060333207692183,9.415698697641673,5.422738802358326
1981-12-31,7150.157580691385,3396.544847713357,7410.768,1974.447,643.395,738.484,1028.729,3280.818,44.271,14.116721311475409,0.31355869176528534,8.480764518500372,5.635956792975037
1982-03-31,7202.119829638657,3468.3346508686104,7295.631,2014.155,588.318,753.575,1061.299,3274.302,44.88,14.268032786885247,0.32412984507843196,7.150531216425948,7.117501570459298
1982-06-30,7255.183995294227,3539.269588791175,7328.912,2039.645,593.621,767.553,1079.63,3331.972,45.463,13.942063492063493,0.32402133031129915,6.433337235163283,7.50872625690021
1982-09-30,7309.422616864836,3616.3062499304974,7300.896,2085.671,592.954,794.534,1142.035,3366.322,46.108,13.1125,0.33925304828236874,5.949125669247901,7.1633743307521
1982-12-31,7365.185869587598,3681.6732198003137,7303.817,2145.554,549.242,828.404,1197.074,3402.561,46.586,10.66344262295082,0.35181558831715287,5.229156784350919,5.434285838599901
1983-03-31,7421.653951173305,3737.837896065505,7400.066,2184.589,565.52,831.494,1244.493,3473.413,46.938,10.555873015873015,0.3582911102134989,4.585561497326207,5.970311518546808
1983-06-30,7480.472230093471,3795.436877728577,7568.456,2249.438,613.783,852.517,1319.581,3578.848,47.286,10.549999999999999,0.36871669319289335,4.0098541671249155,6.540145832875083
1983-09-30,7541.467178919198,3867.11803689884,7719.746,2319.895,652.269,864.3,1377.211,3689.179,47.789,11.63640625,0.37331097244129385,3.6457881495619127,7.990618100438088
1983-12-31,7604.750139087021,3929.11055098896,7880.794,2372.496,718.496,859.457,1410.702,3794.706,48.151,11.689166666666667,0.37175528222739784,3.3593783540119437,8.329788312654724
1984-03-31,7689.93257556805,4013.384458024291,8034.847,2418.165,790.872,874.942,1463.741,3908.054,48.639,11.954516129032257,0.3745447222581878,3.623929438834206,8.33058669019805
1984-06-30,7754.997657132242,4081.974218055457,8173.67,2475.876,818.894,897.828,1512.697,4009.601,49.055,13.213968253968254,0.37726871077695756,3.741065008670641,9.472903245297612
1984-09-30,7820.894140213306,4153.280189425719,8252.465,2513.523,838.852,914.311,1572.267,4084.25,49.491,12.873174603174602,0.38495856032319276,3.5614890455962556,9.311685557578347
1984-12-31,7888.042521378798,4220.261952282287,8320.199,2561.797,831.741,943.661,1662.966,4148.551,49.861,11.760655737704917,0.40085465985593516,3.5513281136424935,8.209327624062425
1985-03-31,7956.504545548593,4298.929090541896,8400.82,2636.008,809.865,952.096,1710.731,4230.168,50.354,11.586500000000001,0.40441207063171014,3.525977096568589,8.060522903431412
1985-06-30,8026.834224023925,4364.848992018479,8474.787,2681.764,827.04,966.688,1774.64,4294.887,50.678,10.823492063492063,0.41319829834871097,3.30853124044439,7.514960823047673
1985-09-30,8098.280374124226,4430.280883075791,8604.22,2754.148,822.157,984.669,1823.103,4386.773,50.984,10.335555555555555,0.4155909138676654,3.0167101089086934,7.318845446646861
1985-12-31,8169.849868953755,4494.408521813401,8668.188,2779.4,859.545,996.43,1945.942,4444.094,51.269,9.766129032258064,0.43787147616589567,2.8238503038446883,6.942278728413376
1986-03-31,8240.693812704041,4555.940008129773,8749.127,2823.648,863.457,1007.454,1986.816,4507.894,51.524,8.567,0.4407415081188688,2.3235492711601857,6.2434507288398144
1986-06-30,8310.543566032746,4611.86160607143,8788.524,2851.456,855.237,1033.105,2059.349,4545.34,51.719,7.59796875,0.45306819731857245,2.0541457831800836,5.543822966819916
1986-09-30,8379.630515469662,4669.402644381909,8872.601,2917.201,835.832,1052.329,2125.304,4607.669,51.931,7.30546875,0.46125361869526654,1.8574454730895917,5.448023276910408
1986-12-31,8448.305367042978,4733.237953344566,8920.193,2952.807,842.063,1042.504,2214.835,4657.627,52.214,7.264032258064516,0.47552863292831304,1.8432190992607733,5.4208131588037425
1987-03-31,8516.488441483569,4801.805513638163,8986.367,2983.513,871.196,1045.149,2246.724,4722.156,52.548,7.195409836065574,0.47578351922299905,1.987423336697458,5.207986499368116
1987-06-30,8584.470542117304,4873.686722680517,9083.256,3053.33,874.588,1061.117,2309.296,4806.16,52.912,8.342698412698413,0.48048670872380445,2.3066957984493097,6.036002614249103
1987-09-30,8652.04183510592,4949.205835247084,9162.024,3117.358,876.466,1064.747,2350.277,4884.555,53.313,8.8696875,0.48116501912661436,2.661223546629188,6.208463953370812
1987-12-31,8719.379291591176,5027.418802432574,9319.332,3150.916,946.459,1089.898,2431.715,5007.994,53.738,9.129032258064516,0.4855666759984138,2.918757421381235,6.210274836683281
1988-03-31,8785.47257621742,5105.286757861023,9367.502,3231.896,908.569,1107.967,2487.551,5073.372,54.159,8.410967741935485,0.49031511980591996,3.0657684402831675,5.345199301652317
1988-06-30,8850.85345816897,5193.258504278765,9490.594,3291.716,934.525,1108.813,2547.656,5190.036,54.686,8.912857142857142,0.4908744370944633,3.352736619292407,5.560120523564735
1988-09-30,8916.201039525158,5294.141557541616,9546.206,3361.899,942.009,1120.902,2602.183,5282.835,55.34,9.10359375,0.4925732111640814,3.8020745409187207,5.301519209081279
1988-12-31,8983.0721795921,5379.959208237578,9673.405,3434.539,962.748,1151.873,2684.392,5399.509,55.818,8.95704918032787,0.4971548338932299,3.870631582865003,5.086417597462867
1989-03-31,9052.633535447112,5478.218484502506,9771.725,3490.172,1005.487,1171.136,2740.898,5511.253,56.4,9.211639344262295,0.4973275587239418,4.137816429402319,5.073822914859976
1989-06-30,9125.66266797223,5581.224579809317,9846.293,3553.767,1001.047,1194.208,2799.923,5612.463,57.001,8.75796875,0.4988759836813178,4.2332589693888645,4.524709780611135
1989-09-30,9200.50081835127,5668.10881369395,9919.228,3609.399,996.46,1212.452,2857.431,5695.365,57.417,8.107460317460317,0.5017116550036741,3.7531622696060696,4.354298047854248
1989-12-31,9274.997843185982,5754.644025084582,9938.767,3653.692,995.809,1229.556,2952.994,5747.237,57.826,7.9070967741935485,0.5138110713026103,3.597405854742197,4.309690919451351
1990-03-31,9346.287613219887,5861.403763885868,10047.386,3737.948,1010.838,1261.251,3051.958,5872.701,58.45,8.423870967741935,0.5196855756831482,3.6347517730496604,4.789119194692275
1990-06-30,9412.855081864423,5969.29372517205,10083.855,3783.421,1014.72,1287.513,3143.754,5960.028,59.105,8.674126984126984,0.527473025294512,3.6911633129243393,4.982963671202644
1990-09-30,9474.692518706235,6059.994999124876,10090.569,3846.7,1000.785,1297.056,3233.313,6015.116,59.611,8.701269841269841,0.5375312795297713,3.821167946775339,4.880101894494502
1990-12-31,9533.314454208728,6142.859490195962,9998.704,3867.909,947.453,1317.797,3364.82,6004.733,60.055,8.405967741935482,0.560361301659874,3.8546674506277467,4.551300291307736
1991-03-31,9590.449790609257,6240.259892001874,9951.916,3873.562,924.569,1281.354,3465.189,6035.178,60.643,8.022833333333333,0.5741651696105732,3.751924721984601,4.270908611348732
1991-06-30,9647.297300864144,6323.33709536828,10029.51,3926.932,926.541,1345.598,3537.988,6126.862,61.088,8.12546875,0.5774551475127071,3.355046104390502,4.770422645609497
1991-09-30,9704.421135125787,6410.425674040655,10080.195,3973.269,947.476,1384.626,3665.303,6205.937,61.566,7.95,0.5906123442761343,3.279596047709332,4.670403952290668
1991-12-31,9762.367345752224,6486.947922850438,10115.329,4000.032,978.788,1413.344,3801.698,6264.54,61.931,7.345,0.6068598811724404,3.123803180417939,4.221196819582061
1992-03-31,9821.262797030751,6550.425276066662,10236.435,4100.401,956.817,1458.39,3881.288,6363.102,62.161,7.3069354838709675,0.6099679055907009,2.5031743152548636,4.803761168616104
1992-06-30,9881.311432089982,6630.096746624069,10347.429,4155.66,1013.084,1476.444,3984.656,6470.763,62.535,7.376031746031746,0.6157938406954482,2.3687139863802997,5.007317759651446
1992-09-30,9943.077888876373,6704.063502658903,10449.673,4226.971,1024.162,1498.726,4064.621,6566.641,62.841,6.61875,0.61898023662326,2.0709482506578336,4.547801749342167
1992-12-31,10005.804374119867,6792.819472260387,10558.648,4307.205,1057.962,1521.869,4177.009,6680.803,63.273,6.740322580645161,0.625225590396843,2.1669277098706807,4.5733948707744805
1993-03-31,10069.375938957395,6874.352288805524,10576.275,4349.515,1083.829,1522.365,4230.58,6729.459,63.628,6.258196721311475,0.628665692145535,2.36000064349029,3.8981960778211855
1993-06-30,10134.247379928634,6959.743911524022,10637.847,4418.581,1094.479,1532.659,4351.95,6808.939,64.007,5.988095238095238,0.6391524435745422,2.353881826177351,3.6342134119178873
1993-09-30,10199.773504117553,7046.43303312495,10688.606,4487.189,1095.852,1550.905,4411.489,6882.098,64.387,5.6153125,0.6410093259352017,2.460177272799613,3.155135227200387
1993-12-31,10265.75327023326,7130.638947792006,10833.987,4552.651,1153.142,1572.369,4535.687,7013.738,64.738,5.615967741935484,0.6466861180158141,2.315363583202945,3.300604158732539
1994-03-31,10331.882758632595,7211.02646764705,10939.116,4621.223,1201.675,1552.96,4575.869,7115.652,65.048,6.090322580645162,0.6430709371397026,2.231721883447535,3.8586006971976268
1994-06-30,10398.040744924045,7292.162527158278,11087.361,4683.163,1264.948,1567.862,4645.802,7246.931,65.362,7.089516129032258,0.6410716481224948,2.1169559579420794,4.972560171090179
1994-09-30,10464.78535121165,7381.097363671744,11152.176,4752.761,1251.749,1596.722,4692.75,7331.075,65.737,7.32796875,0.6401175816643535,2.0966965381210345,5.231272211878966
1994-12-31,10531.74389203392,7468.59224182255,11279.932,4826.713,1307.566,1622.331,4800.15,7455.288,66.093,7.837213114754098,0.6438584263947952,2.0930519941919856,5.744161120562112
1995-03-31,10598.58353203698,7556.725865903507,11319.951,4862.436,1327.586,1642.508,4864.116,7522.289,66.452,7.4712903225806455,0.6466271104447064,2.158406100110688,5.3128842224699575
1995-06-30,10665.93731330756,7641.349761586947,11353.721,4933.609,1303.988,1659.406,4951.372,7580.997,66.771,6.60015873015873,0.6531293970964506,2.155686790489897,4.4444719396688335
1995-09-30,10734.000265086956,7727.953131805579,11450.31,4998.662,1303.248,1670.844,4973.983,7683.125,67.1,6.329206349206349,0.6473906125437241,2.0734137548108267,4.255792594395523
1995-12-31,10804.976210527437,7816.566900648307,11528.067,5055.655,1335.135,1665.404,4988.665,7772.586,67.423,5.898548387096774,0.6418282152169175,2.0123159789992906,3.8862324080974835
1996-03-31,10879.309158135062,7908.195526045592,11614.418,5130.615,1355.353,1701.217,5117.786,7868.468,67.747,5.910483870967742,0.6504170824612873,1.948775055679297,3.9617088152884445
1996-06-30,10961.169452731983,8000.661685376502,11808.14,5220.499,1418.388,1711.469,5161.076,8032.84,68.028,6.7140625,0.6424970496113455,1.8825538032978484,4.831508696702151
1996-09-30,11050.502724170348,8092.297107441418,11914.063,5274.505,1474.35,1715.062,5224.811,8131.408,68.251,6.7759375,0.6425468996267313,1.715350223546963,5.060587276453037
1996-12-31,11145.657938016471,8205.656859350795,12037.775,5352.763,1480.128,1735.168,5323.172,8259.771,68.615,6.354193548387096,0.644469683239402,1.7679426901799022,4.586250858207194
1997-03-31,11244.924013707889,8328.057427086707,12115.472,5433.105,1522.404,1736.733,5380.89,8362.655,69.025,6.566999999999999,0.643442782226458,1.8864303954418737,4.6805696045581255
1997-06-30,11346.384007588204,8420.162909222894,12317.221,5471.267,1590.218,1755.842,5376.151,8518.825,69.162,6.6996875000000005,0.6310906727160142,1.6669606632563116,5.032726836743689
1997-09-30,11450.56977814428,8534.358539960618,12471.01,5579.179,1625.251,1757.977,5413.146,8662.823,69.464,6.2421875,0.6248708994746862,1.7772633368009272,4.464924163199073
1997-12-31,11556.792999611987,8641.839487089042,12577.495,5663.61,1644.529,1786.848,5502.388,8765.907,69.695,5.906290322580645,0.6277032142823328,1.5739998542592781,4.332290468321367
1998-03-31,11664.98592206671,8735.51277274339,12703.742,5721.342,1712.324,1768.79,5542.426,8866.48,69.794,5.590983606557377,0.6250987990724618,1.1140890981528262,4.476894508404551
1998-06-30,11776.732056230408,8840.014521508841,12821.339,5832.566,1695.773,1781.911,5547.935,8969.699,69.959,5.593015873015873,0.618519640402649,1.1523669066828557,4.4406489663330175
1998-09-30,11892.757550134584,8965.471344430423,12982.752,5926.846,1741.623,1788.538,5526.193,9121.097,70.255,5.20734375,0.6058693378658291,1.138719336634808,4.068624413365192
1998-12-31,12015.9197752012,9083.260135726774,13191.67,6028.238,1796.964,1814.518,5614.217,9293.991,70.453,4.661935483870968,0.6040695541882921,1.0875959537987034,3.5743395300722645
1999-03-31,12149.437433957915,9213.49633361119,13315.597,6102.04,1853.063,1811.988,5651.615,9411.682,70.682,5.000819672131148,0.6004893705503437,1.2723156718342565,3.7285040002968914
1999-06-30,12293.893433735091,9358.34619545861,13426.748,6230.641,1848.341,1816.961,5638.78,9526.21,70.949,5.54125,0.5919227058819825,1.4151145671035925,4.126135432896407
1999-09-30,12445.48732618436,9507.449332319984,13604.771,6335.31,1893.735,1843.205,5656.271,9686.626,71.2,5.88296875,0.5839258168943448,1.345099992883081,4.537868757116919
1999-12-31,12599.250240930049,9678.165253389168,13827.98,6467.039,1953.097,1875.154,5776.091,9900.169,71.595,6.14483870967742,0.5834335757298689,1.6209387818829413,4.523899927794479
2000-03-31,12748.604427256896,9857.837947500944,13878.147,6618.217,1950.65,1866.308,5773.392,10002.179,72.071,6.468412698412698,0.57721342519465,1.96513963951217,4.503273058900528
2000-06-30,12885.227740014008,10025.583174116908,14130.908,6711.911,2075.786,1908.645,5685.938,10247.72,72.52,6.184920634920634,0.5548490786243184,2.2142665858574384,3.970654049063196
2000-09-30,13008.444734694456,10180.882323252175,14145.312,6819.984,2059.969,1918.617,5674.179,10318.165,72.944,5.88984126984127,0.5499213280656008,2.4494382022471894,3.4404030675940804
2000-12-31,13121.050175679842,10324.554814650714,14229.765,6918.606,2067.227,1938.796,5662.216,10435.744,73.337,5.570645161290322,0.5425790437174388,2.4331308052238265,3.1375143560664958
2001-03-31,13226.241646532591,10475.69805417273,14183.12,6995.298,1971.333,1982.626,5773.74,10470.231,73.822,5.0441935483870965,0.5514434208758144,2.4295486395360166,2.61464490885108
2001-06-30,13326.930082374529,10619.343222750056,14271.694,7042.25,1973.033,2003.581,5726.815,10599.0,74.266,5.276190476190476,0.54031653929616,2.407611693325995,2.868578782864481
2001-09-30,13424.350600872966,10738.994094855238,14214.516,7070.337,1944.909,2037.703,5807.464,10598.02,74.558,4.995737704918033,0.5479763201050762,2.2126562842728736,2.7830814206451597
2001-12-31,13519.875636723984,10849.056765598238,14253.574,7187.32,1850.091,2045.404,5943.439,10660.465,74.792,4.762096774193548,0.5575215527652875,1.9839917095054282,2.77810506468812
2002-03-31,13614.639971708595,10960.400610300909,14372.785,7217.715,1912.659,2091.469,6006.032,10783.5,75.027,5.079166666666667,0.5569649928130941,1.6323047330064178,3.446861933660249
2002-06-30,13710.495613105191,11075.80252776372,14460.848,7307.955,1933.282,2130.186,6126.469,10887.46,75.289,5.10609375,0.5627087493318002,1.3774809468666716,3.7286128031333288
2002-09-30,13806.64838519878,11207.182088209422,14519.633,7397.135,1933.197,2148.447,6228.236,10984.04,75.65,4.27234375,0.5670259758704447,1.464631562005425,2.807712187994575
2002-12-31,13900.715185957715,11348.20515727284,14537.58,7472.958,1942.531,2184.697,6405.707,11061.433,76.089,4.004838709677419,0.5791028160637053,1.7341426890576495,2.27069602061977
2003-03-31,13990.858184698513,11478.864593274277,14614.141,7567.16,1960.221,2220.262,6460.776,11174.129,76.461,3.92,0.5781905685892833,1.9113119277060164,2.0086880722939835
2003-06-30,14076.165745478664,11588.65358999287,14743.567,7661.458,1972.386,2299.919,6670.121,11312.766,76.73,3.6206349206349207,0.5896100918201614,1.9139582143473888,1.7066767062875319
2003-09-30,14157.509216894485,11721.78364368824,14988.782,7820.927,2044.304,2309.622,6783.32,11566.669,77.169,4.22765625,0.5864540603694979,2.0079312623925816,2.2197249876074183
2003-12-31,14238.517253013664,11861.434309829703,15162.76,7913.453,2131.311,2344.18,6997.964,11772.234,77.639,4.285161290322581,0.5944465595909832,2.0370881467754787,2.248073143547102
2004-03-31,14322.502791066056,12015.854561119382,15248.68,8048.777,2154.052,2381.04,7131.068,11923.447,78.193,4.01,0.5980710108410764,2.2652070990439643,1.7447929009560355
2004-06-30,14410.8959624635,12187.132626832916,15366.85,8147.108,2262.607,2400.4,7274.335,12112.815,78.824,4.597096774193548,0.600548675101535,2.7290499152873737,1.8680468589061743
2004-09-30,14503.812126025794,12344.461768345474,15512.619,8283.335,2318.272,2428.795,7379.053,12305.307,79.324,4.30140625,0.599664274934384,2.792572146846539,1.5088341031534611
2004-12-31,14598.795559263024,12521.36384195102,15670.88,8448.621,2390.082,2476.05,7596.143,12527.214,79.939,4.175806451612903,0.606371296922045,2.962428676309581,1.2133777753033224
2005-03-31,14691.630567970677,12701.44875678517,15844.727,8551.735,2486.068,2548.019,7776.939,12767.286,80.578,4.303606557377049,0.6091301628239549,3.050145153658268,1.2534614037187808
2005-06-30,14780.554324321318,12871.194792813005,15922.782,8701.145,2476.474,2578.686,7836.496,12922.656,81.158,4.15859375,0.6064152756213583,2.961027098345692,1.1975666516543075
2005-09-30,14867.469500169043,13064.541674941103,16047.587,8868.089,2531.076,2617.33,7932.71,13142.642,81.898,4.21515625,0.6035856413040849,3.244919570369631,0.9702366796303687
2005-12-31,14953.145978215569,13246.19762006621,16136.734,8955.295,2645.263,2649.819,8170.413,13324.204,82.571,4.488196721311475,0.6132008336107733,3.2925105392862086,1.1956861820252662
2006-03-31,15038.784401538938,13416.03878440894,16353.835,9100.153,2709.74,2728.184,8371.156,13599.16,83.156,4.577096774193548,0.6155641966121438,3.1993844473677813,1.3777123268257672
2006-06-30,15125.70609944048,13613.184979749678,16396.151,9227.649,2709.252,2749.085,8420.042,13753.424,83.882,5.072698412698412,0.6122142384325532,3.356415880135044,1.7162825325633682
2006-09-30,15210.655457394165,13785.15033651204,16420.738,9353.772,2709.42,2775.712,8506.974,13870.188,84.468,4.893492063492064,0.613327952007572,3.1380497692251375,1.7554422942669268
2006-12-31,15291.514446817528,13910.347956895304,16561.866,9427.368,2675.406,2789.906,8680.224,14039.56,84.77,4.630645161290323,0.6182689485995287,2.6631626115706464,1.9674825497196764
2007-03-31,15370.111385287062,14115.698198838769,16611.69,9572.138,2664.295,2869.326,8849.665,14215.651,85.576,4.679032258064517,0.6225297033530157,2.9101928904708974,1.7688393675936194
2007-06-30,15445.291294023184,14279.592095523843,16713.314,9678.713,2699.217,2905.202,8867.677,14402.082,86.171,4.84609375,0.6157218796560108,2.728833361150196,2.117260388849804
2007-09-30,15518.272631980071,14421.608159946716,16809.587,9798.383,2685.969,2945.721,9007.653,14564.117,86.642,4.738412698412698,0.6184826035110814,2.5737557418193724,2.1646569565933254
2007-12-31,15589.921197361013,14549.742781569665,16915.191,9937.14,2642.56,2991.765,9229.172,14715.058,86.993,4.266612903225807,0.6271923630882053,2.6223899964610053,1.644222906764802
2008-03-31,15661.437156749244,14667.668108803646,16843.003,10004.445,2563.701,3043.522,9437.594,14706.538,87.315,3.6652459016393446,0.6417277812086025,2.03211180704872,1.6331340945906248
2008-06-30,15732.300738942007,14808.752285528231,16943.291,10129.869,2540.595,3397.452,9492.006,14865.701,87.738,3.8815625000000002,0.6385172148962232,1.8184772139118621,2.063085286088138
2008-09-30,15801.953968118389,14986.588593662207,16854.295,10159.078,2498.242,3194.11,10024.725,14898.999,88.399,3.8621875,0.672845538146556,2.0278848595369547,1.8343026404630454
2008-12-31,15869.009828425493,15085.813997605535,16485.35,9906.942,2307.915,3192.866,10699.805,14608.209,88.613,3.234677419354839,0.7324515277677093,1.862218799213733,1.372458620141106
2009-03-31,15931.698339042032,15138.024399070391,16298.262,9814.969,2014.878,3322.767,11126.941,14430.902,88.543,2.7362295081967214,0.7710495851194887,1.406402107312621,1.3298274008841005
2009-06-30,15990.652965646705,15167.379758970466,16269.145,9805.502,1863.65,3524.671,11545.275,14381.236,88.396,3.320793650793651,0.8028013030312554,0.7499601085048768,2.5708335422887743
2009-09-30,16045.761443179968,15236.229020698647,16326.281,9939.406,1841.416,3532.903,11909.828,14448.882,88.501,3.5178125,0.8242733243997702,0.1153859206552088,3.402426579344791
2009-12-31,16097.706572602689,15335.694869467625,16502.754,10004.996,1998.71,3560.619,12311.349,14651.249,88.781,3.4640322580645164,0.840293479415987,0.18958843510545886,3.2744438229590576
2010-03-31,16147.438323183078,15425.0081111321,16582.71,10101.822,2038.161,3710.548,12773.123,14764.61,89.036,3.7178688524590164,0.86511753442861,0.5567916153733199,3.1610772370856965
2010-06-30,16195.753429694438,15546.70281998184,16743.162,10208.145,2148.795,3745.711,13201.792,14980.193,89.471,3.4925,0.8812831717188156,1.216118376397124,2.276381623602876
2010-09-30,16246.535504548743,15642.49327532066,16872.266,10300.754,2236.495,3792.438,13561.622,15141.607,89.743,2.78453125,0.8956527533702334,1.4033739731754258,1.3811572768245743
2010-12-31,16302.486211078603,15788.39275357464,16960.864,10430.304,2238.44,3809.804,14025.215,15309.474,90.264,2.8783870967741936,0.9161134471373739,1.6704024509748505,1.207984645799343
2011-03-31,16367.132381095998,15932.783088995942,16920.632,10558.195,2205.962,3811.263,14270.114,15351.448,90.726,3.4574193548387098,0.9295614329019647,1.8981086302169992,1.5593107246217106
2011-06-30,16442.754569183016,16112.07259712693,17035.114,10673.018,2297.352,3849.377,14343.087,15557.539,91.326,3.2014285714285715,0.9219380391718767,2.0732974930424364,1.1281310783861351
2011-09-30,16526.001918934064,16293.794238874438,17031.313,10755.029,2322.84,3783.833,14790.34,15647.68,91.876,2.41421875,0.9452097691159328,2.3767870474577624,0.03743170254223749
2011-12-31,16611.843559654808,16398.201052117576,17222.583,10809.186,2504.095,3786.528,15222.94,15842.259,91.985,2.0467213114754097,0.9609071534558298,1.9066294425241548,0.14009186895125492
2012-03-31,16695.71826814624,16580.97390032066,17367.01,10959.301,2567.75,3774.344,15606.518,16068.805,92.525,2.04,0.9712307791400792,1.9828935476048803,0.05710645239511969
2012-06-30,16774.523795933143,16726.430573535134,17444.525,11005.055,2636.863,3772.867,15855.037,16207.115,92.907,1.82578125,0.9782763311051967,1.731160896130346,0.09462035386965395
2012-09-30,16848.88146421083,16887.47964373295,17469.65,11059.393,2644.119,3777.299,16066.24,16319.541,93.417,1.6412698412698414,0.9844786688547185,1.677260655666335,-0.03599081439649354
2012-12-31,16920.63961433729,17045.623970752396,17489.852,11165.703,2638.282,3769.503,16432.73,16420.419,93.885,1.7070491803278687,1.000749737263099,2.0655541664401866,-0.35850498611231796
2013-03-31,16992.089124728314,17185.971429858564,17662.4,11277.664,2746.42,3758.798,16771.381,16648.189,94.258,1.951,1.0073997237777637,1.8730072953255794,0.07799270467442065
2013-06-30,17064.806343410528,17308.583368505282,17709.671,11315.681,2780.242,3776.035,16738.32,16728.687,94.461,1.98625,1.0005758371831572,1.6726403823178027,0.3136096176821974
2013-09-30,17138.9432580756,17465.71997876685,17860.45,11408.359,2892.354,3773.724,16738.18,16953.838,94.924,2.7065625,0.9872796944267134,1.6131967414924508,1.0933657585075491
2013-12-31,17215.280885360622,17648.21747026064,18016.147,11551.229,2934.291,3772.463,17156.119,17192.019,95.426,2.7441935483870967,0.9979118217586892,1.6413697608776756,1.1028237875094211
2014-03-31,17294.032150633877,17802.961138938666,17953.974,11646.001,2922.765,3819.402,17601.227,17197.738,95.788,2.7654098360655737,1.0234617482834079,1.6232043964438114,1.1422054396217622
2014-06-30,17375.11498722821,17987.587249747758,18185.911,11810.451,3059.096,3876.072,17632.606,17518.508,96.33,2.620952380952381,1.0065129975680576,1.9785943405214779,0.6423580404309033
2014-09-30,17459.27803988029,18153.57301766253,18406.941,11959.79,3142.047,3931.623,17824.071,17804.228,96.726,2.49953125,1.0011145105533361,1.8983607938982683,0.6011704561017317
2014-12-31,17545.392812774753,18273.465404409337,18500.031,12081.561,3172.016,3926.651,18141.444,17912.079,96.822,2.2759677419354842,1.0128050462484002,1.4629136713264712,0.813054070609013
2015-03-31,17632.92748544754,18358.11767351436,18666.621,12119.763,3282.283,3970.21,18152.056,18063.529,96.769,1.9688524590163934,1.004900869591983,1.0241366350691283,0.944715823947265
2015-06-30,17721.252648627276,18549.968891906065,18782.243,12264.14,3291.104,3990.778,18151.998,18279.784,97.325,2.164375,0.993009435997712,1.032907713069653,1.1314672869303473
2015-09-30,17808.326137715143,18696.745823740817,18857.418,12382.494,3303.66,4011.91,18150.618,18401.626,97.583,2.223125,0.9863594662775995,0.8860078986001607,1.3371171013998393
2015-12-31,17891.85267807862,18782.726082015568,18892.206,12423.353,3276.879,4050.403,18922.179,18435.137,97.581,2.190483870967742,1.0264192232474325,0.7839127471029217,1.4065711238648202
2016-03-31,17970.540715490257,18850.166738500047,19001.69,12523.156,3244.317,4084.292,19264.939,18525.933,97.496,1.9142622950819672,1.0398903526208367,0.7512736516859686,1.1629886433959986
2016-06-30,18043.2209307772,19060.15294491349,19062.709,12665.124,3246.381,4101.647,19381.591,18711.702,98.159,1.75015625,1.0358005380803947,0.8569226817364495,0.8932335682635506
2016-09-30,18112.571697664986,19186.582973257857,19197.938,12797.126,3261.571,4150.5,19573.445,18892.639,98.41,1.564375,1.0360355162664148,0.8474836805591135,0.7168913194408866
2016-12-31,18182.731376646527,19362.139651271085,19304.352,12921.989,3360.952,4175.46,19976.827,19089.379,98.886,2.138688524590164,1.0464890974190413,1.337350508808055,0.8013380157821088
2017-03-31,18258.023077229544,19543.08922681448,19398.343,13097.306,3363.101,4192.262,19846.42,19280.084,99.39,2.4466129032258066,1.0293741458802772,1.9426438007713154,0.5039691024544912
2017-06-30,18341.091296108643,19693.067373727936,19506.949,13188.73,3432.968,4195.549,19844.554,19438.643,99.65,2.260952380952381,1.0208816531071638,1.5189641296264211,0.7419882513259597
2017-09-30,18431.69252573088,19889.614189049804,19660.766,13325.065,3500.142,4253.985,20244.9,19692.595,100.162,2.2414285714285715,1.0280463290896908,1.7803068793821764,0.4611216920463952
2017-12-31,18525.540534936423,20128.666588447657,19882.352,13551.401,3574.446,4320.383,20492.747,20037.088,100.778,2.371451612903226,1.022740779498498,1.9133143215419812,0.4581372913612447
2018-03-31,18619.201318607706,20354.57377663502,20044.077,13745.074,3645.635,4398.501,21089.643,20328.553,101.419,2.7585245901639346,1.0374394576928323,2.0414528624610018,0.7170717277029328
2018-06-30,18709.61826941311,20628.881641874003,20150.476,13891.294,3662.727,4453.783,21195.07,20580.912,102.136,2.920625,1.0298411460094674,2.494731560461605,0.42589343953839487
2018-09-30,18797.95031837295,20795.9933914061,20276.154,14002.199,3788.692,4512.225,21516.058,20798.73,102.577,2.9238095238095236,1.0344890288974375,2.4110940276751647,0.512715496134359
2018-12-31,18884.59789273424,20986.997171311697,20304.874,14099.199,3802.028,4593.407,21974.096,20917.867,103.019,3.0411475409836064,1.0504941063063458,2.2236996169799017,0.8174479240037047
2019-03-31,18971.80739529531,21165.278463854214,20415.15,14148.003,3850.171,4688.509,22027.88,21104.133,103.375,2.652950819672131,1.043770904969183,1.9286327019591987,0.7243181177129325
2019-06-30,19061.787613611326,21384.12055730799,20584.528,14336.764,3894.868,4736.911,22023.283,21384.775,103.888,2.338888888888889,1.0298580649083284,1.7153599122738505,0.6235289766150385
2019-09-30,19154.50856247099,21558.37140256929,20817.581,14517.726,3939.338,4776.799,22719.402,21694.282,104.211,1.79796875,1.047253004270895,1.5929496865769055,0.2050190634230944
2019-12-31,19247.215239546244,21742.1003448852,20951.088,14667.964,3885.228,4792.047,23201.38,21902.39,104.541,1.7919354838709676,1.059308139431359,1.47739737330006,0.3145381105709075
2020-03-31,19336.519435838654,21931.12947456769,20665.553,14473.122,3807.759,4870.147,23223.813,21706.513,105.037,1.365,1.069900679118751,1.6077388149939642,-0.2427388149939642
2020-06-30,19419.26635303663,21942.39543778732,19034.83,13168.944,3254.272,8829.978,26477.241,19913.143,104.614,0.6876190476190476,1.3296364617077274,0.6988295087016816,-0.011210461082634016
2020-09-30,19490.371349662146,22213.38950794253,20511.785,14456.175,3891.227,7114.801,26945.391,21647.64,105.538,0.650625,1.2447264921257006,1.2733780503017877,-0.6227530503017877
2020-12-31,19573.10380729204,22448.827497245948,20724.128,14726.685,4040.153,5863.622,27747.798,22024.502,106.275,0.864516129032258,1.2598604045621553,1.6586793698166291,-0.7941632407843711
2021-03-31,19661.61661658684,22831.118900763795,20990.541,15217.685,4031.066,8171.31,28132.57,22600.185,107.668,1.3359016393442622,1.2447937926171841,2.504831630758675,-1.1689299914144127
2021-06-30,19756.95742563336,23297.78768600554,21309.544,15950.863,4013.283,7603.734,28529.436,23292.362,109.305,1.59078125,1.2248408297964801,4.484103466075284,-2.8933222160752843
2021-09-30,19856.923211019486,23771.05641291916,21483.083,16285.113,4226.608,6660.052,28428.919,23828.973,110.92,1.32484375,1.1930400441512943,5.099584983607808,-3.7747412336078074
2021-12-31,19957.974447710763,24290.40575545352,21847.602,16718.195,4594.048,6079.134,29617.215,24654.603,112.848,1.5333870967741934,1.201285415141343,6.184897671136191,-4.651510574361998
2022-03-31,20057.88,24906.62,21738.871,17030.634,4766.754,5928.44,30400.96,25029.116,115.135,1.9511290322580646,1.2146238005369425,6.935208232715384,-4.98407920045732
2022-06-30,20153.81,25576.56,21708.16,17415.115,4739.049,5985.496,30568.582,25544.273,117.671,2.9325806451612904,1.1966902326795519,7.653812725858833,-4.7212320806975425
2022-09-30,20245.66,25968.85,21851.134,17684.189,4724.621,6064.399,30928.912,25994.639,118.962,3.10109375,1.1898188699600714,7.250270465200148,-4.149176715200149
2022-12-31,20334.21,26334.48,21989.981,17917.039,4796.162,6175.709,31419.689,26408.405,120.093,3.82672131147541,1.1897609492129495,6.420140365801785,-2.5934190543263753
2023-03-31,20420.68,26714.29,22112.329,18269.569,4725.828,6324.782,31458.438,26813.601,121.261,3.646290322580645,1.1732269007806897,5.320710470317436,-1.6744201477367908
2023-06-30,20511.89,26978.75,22225.35,18419.007,4780.29,6346.294,32332.274,27063.012,121.766,3.5957142857142856,1.1947034572500652,3.4800418114913523,0.11567247422293336
2023-09-30,20603.7,27272.95,22491.567,18734.305,4899.337,6392.615,,27623.543,122.817,4.14968253968254,,3.2405305896000325,0.9091519500825074
2023-12-31,20693.38,27581.52,,,,,,,,4.749655172413793,,2.268242112362917,2.481413060050876
